{
  "holdout_season": 2024,
  "accuracy": 0.6336787564766839,
  "roc_auc": 0.6766733695658058,
  "brier": 0.22372131330168932,
  "log_loss": 0.6371536372528994,
  "n_train": 15805,
  "n_test": 1930
}