{
  "holdout_season": 2024,
  "accuracy": 0.6243523316062176,
  "roc_auc": 0.6737047107628635,
  "brier": 0.22330584675210433,
  "log_loss": 0.6366152839690803,
  "n_train": 13908,
  "n_val": 1897,
  "n_test": 1930
}