{
  "holdout_season": 2024,
  "accuracy": 0.6352331606217616,
  "roc_auc": 0.6862631716299522,
  "brier": 0.2213883606870503,
  "log_loss": 0.6321643468892859,
  "n_train": 10389,
  "n_test": 1930
}