{
  "holdout_season": 2024,
  "accuracy": 0.630584983878397,
  "roc_auc": 0.6719445572931397,
  "brier": 0.2246880728790978,
  "log_loss": 0.6394381606606272,
  "n_train": 11589,
  "n_test": 2171
}