{
  "holdout_season": 2024,
  "accuracy": 0.6365730078304929,
  "roc_auc": 0.6753703008517649,
  "brier": 0.22374006412518796,
  "log_loss": 0.63726136880344,
  "n_train": 11613,
  "n_test": 2171
}