{
  "HOME_ELO_PRE": 0.04802757129073143,
  "AWAY_ELO_PRE": 0.043308909982442856,
  "HOME_ELO_EXP": 0.0936088114976883,
  "ELO_DIFF": 0.051959775388240814,
  "DOW": 0.04439167678356171,
  "MONTH": 0.04368138313293457,
  "REST_HOME": 0.047236114740371704,
  "REST_AWAY": 0.047932371497154236,
  "B2B_HOME": 0.04254886135458946,
  "B2B_AWAY": 0.054022371768951416,
  "REST_DIFF": 0.04887748137116432,
  "B2B_DIFF": 0.06963099539279938,
  "PTS_DIFF_R10": 0.04526405408978462,
  "AST_DIFF_R10": 0.045114751905202866,
  "REB_DIFF_R10": 0.04346359521150589,
  "TOV_DIFF_R10": 0.04482235759496689,
  "FG_PCT_DIFF_R10": 0.044431619346141815,
  "FG3_PCT_DIFF_R10": 0.04544733092188835,
  "FT_PCT_DIFF_R10": 0.044646237045526505,
  "PLUS_MINUS_DIFF_R10": 0.05158369243144989
}