{
  "holdout_season": 2024,
  "best_iteration": -1,
  "accuracy": 0.6011054813450023,
  "roc_auc": 0.6387481851358555,
  "brier": 0.24216259771685206,
  "log_loss": 0.6851595026989156,
  "n_train": 10451,
  "n_val": 1162,
  "n_test": 2171
}